{
  "version": 3,
  "artifactType": {
    "type": "APK",
    "kind": "Directory"
  },
  "applicationId": "rw.electrix.app",
  "variantName": "release",
  "elements": [
    {
      "type": "ONE_OF_MANY",
      "filters": [
        {
          "filterType": "ABI",
          "value": "x86_64"
        }
      ],
      "attributes": [],
      "versionCode": 4004,
      "versionName": "1.0.4",
      "outputFile": "app-x86_64-release.apk"
    },
    {
      "type": "ONE_OF_MANY",
      "filters": [
        {
          "filterType": "ABI",
          "value": "armeabi-v7a"
        }
      ],
      "attributes": [],
      "versionCode": 1004,
      "versionName": "1.0.4",
      "outputFile": "app-armeabi-v7a-release.apk"
    },
    {
      "type": "ONE_OF_MANY",
      "filters": [
        {
          "filterType": "ABI",
          "value": "arm64-v8a"
        }
      ],
      "attributes": [],
      "versionCode": 2004,
      "versionName": "1.0.4",
      "outputFile": "app-arm64-v8a-release.apk"
    }
  ],
  "elementType": "File"
}